{"name": "ENVIS School - Luyện thi IELTS", "address": "26 Đ. Láng, Thịnh Quang, Đống Đa, Hà Nội", "phone": "0972 952 083", "web_link": "http://envis.edu.vn/", "email": "hello@envis.edu.vn"}
{"name": "Scots English Nguyễn Xiển", "address": "BI-BT2, Khu đô thị mới, Thanh Trì, Hà Nội", "phone": "1900 252575", "web_link": "https://scotsenglish.edu.vn/", "email": null}
{"name": "Scots English Nguyễn Tuân", "address": "Lô 6 - Liền kề 2, số 90, 90 Đ. Nguyễn Tuân, Thanh Xuân Trung, Thanh Xuân, Hà Nội", "phone": "1900 252575", "web_link": "https://scotsenglish.edu.vn/", "email": null}
{"name": "GEMS EDU- Hệ Thống anh ngữ quốc tế", "address": "2 P. Vương Thừa Vũ, Khương Trung, Thanh Xuân, Hà Nội 120701", "phone": "0785 758 659", "web_link": null, "email": null}
{"name": "Impetus English", "address": "NTT 15 90 Nguyễn Tuân Hà Nội, Hanoi City, 110000", "phone": "0964 837 455", "web_link": "https://www.facebook.com/IMPETUS.Edu?mibextid=wwXIfr&mibextid=wwXIfr", "email": "impetus.english.edu@gmail.com"}
{"name": "Trung Tâm Anh Ngữ Washington Language Center", "address": "66 P. Võ Thị Sáu, Thanh Nhàn, Hai Bà Trưng, Hà Nội", "phone": "024 3625 0952 ext. 13", "web_link": null, "email": null}
{"name": "Pps Vietnam English center", "address": "ngõ 183 P. Trần Đại Nghĩa, Bách Khoa, Hai Bà Trưng, Hà Nội", "phone": null, "web_link": null, "email": null}
{"name": "ILA - Tây Sơn", "address": "Tòa nhà Phương Đông, 324 P. Tây Sơn, Ngã Tư Sở, Đống Đa, Hà Nội 100000", "phone": "024 7307 1168", "web_link": "https://ila.edu.vn/", "email": null}
{"name": "Apollo English Nguyễn Tuân", "address": "tòa nhà Thống Nhất Complex, 82 Đ. Nguyễn Tuân, Thanh Xuân Trung, Thanh Xuân, Hà Nội 100000", "phone": "024 7308 4886", "web_link": "https://apollo.edu.vn/", "email": "teaching@apollo.edu.vn, talk2us@apollo.edu.vn"}
{"name": "Amslink Láng Hạ 1", "address": "ngõ 59 P. Láng Hạ, Chợ Dừa, Ba Đình, Hà Nội", "phone": "024 7305 0384", "web_link": "http://amslink.edu.vn/", "email": "Hethonganhngu@amslink.edu.vn, nguyensyminh@gmail.com"}
{"name": "Trung tâm ngoại ngữ Quốc Tế Ocean Edu Nguyễn Trãi", "address": "312 Đ. Nguyễn Trãi, Thượng Đình, Thanh Xuân, Hà Nội 100000", "phone": "024 3540 6509", "web_link": "https://ocean.edu.vn/", "email": "ocean_lucnam@ocean.edu.vn, ocean_phucu@ocean.edu.vn, ocean_vietyen@ocean.edu.vn, ocean_xuantruong@ocean.edu.vn, ocean_kyanh@ocean.edu.vn, ocean_ninhbinh3@ocean.edu.vn, ocean_campha@ocean.edu.vn, ocean_sonla@ocean.edu.vn, ocean_melinh@ocean.edu.vn, ocean_tiendu@ocean.edu.vn, ocean_quangngai@ocean.edu.vn, ocean_yenlac@ocean.edu.vn, ocean_thuongtin@ocean.edu.vn, ocean_tuson2@ocean.edu.vn, ocean_phoyen@ocean.edu.vn, ocean_mydinh@ocean.edu.vn, ocean_vinhyen2@ocean.edu.vn, ocean_phucuong@ocean.edu.vn, ocean_thanhmien@ocean.edu.vn, ocean_quangngai2@ocean.edu.vn, ocean_thoaingochau@ocean.edu.vn, ocean_danphuong@ocean.edu.vn, ocean_binhgiang@ocean.edu.vn, ocean_nhoquan@ocean.edu.vn, ocean_donghoi@ocean.edu.vn, ocean_tangnhonphu@ocean.edu.vn, ocean_linhdam@ocean.edu.vn, ocean_phonoi@ocean.edu.vn, ocean_tantrieu@ocean.edu.vn, ocean_thainguyen2@ocean.edu.vn, ocean_vangiang@ocean.edu.vn, ocean_gangthep@ocean.edu.vn, ocean_dongvan@ocean.edu.vn, ocean_quocoai@ocean.edu.vn, ocean_thaihoa@ocean.edu.vn, ocean_nghison@ocean.edu.vn, ocean_yenkhanh@ocean.edu.vn, ocean_vinh3@ocean.edu.vn, ocean_hiephoa@ocean.edu.vn, info@ocean.edu.vn, ocean_thanhha@ocean.edu.vn, ocean_bacgiang3@ocean.edu.vn, ocean_daitu@ocean.edu.vn, ocean_yenmy@ocean.edu.vn, ocean_gialoc@ocean.edu.vn, ocean_namtruc@ocean.edu.vn, ocean_tienhai@ocean.edu.vn, ocean_quevo@ocean.edu.vn, ocean_quynhon@ocean.edu.vn, ocean_danang@ocean.edu.vn, ocean_bacninh@ocean.edu.vn, ocean_bimson@ocean.edu.vn, ocean_uongbi@ocean.edu.vn, ocean_vinhloc@ocean.edu.vn, ocean_anduong@ocean.edu.vn, ocean_nghiahung@ocean.edu.vn, ocean_campha2@ocean.edu.vn, ocean_doluong@ocean.edu.vn, ocean_vinh@ocean.edu.vn, ocean_gialam@ocean.edu.vn, ocean_giaothuy@ocean.edu.vn, ocean_camkhe@ocean.edu.vn, ocean_haiduong@ocean.edu.vn, ocean_langson@ocean.edu.vn, ocean_tamduong@ocean.edu.vn, ocean_ngochoi@ocean.edu.vn, ocean_nlb@ocean.edu.vn, ocean_phucyen2@ocean.edu.vn, ocean_viettri2@ocean.edu.vn, ocean_anthi@ocean.edu.vn, ocean_bacgiang2@ocean.edu.vn, ocean_khuongtrung@ocean.edu.vn, ocean_dongtrieu@ocean.edu.vn, ocean_pleiku@ocean.edu.vn, ocean_kontum@ocean.edu.vn, ocean_kienxuong@ocean.edu.vn, ocean_tohuu@ocean.edu.vn, ocean_hungyen2@ocean.edu.vn, ocean_viettri3@ocean.edu.vn, ocean_quangnyen@ocean.edu.vn, ocean_phulo@ocean.edu.vn, ocean_vinhyen@ocean.edu.vn, ocean_thanhhoa3@ocean.edu.vn, ocean_ninhbinh@ocean.edu.vn, ocean_quynhluu@ocean.edu.vn, ocean_quangnam@ocean.edu.vn, ocean_donganh2@ocean.edu.vn, ocean_lynhan@ocean.edu.vn, ocean_bala@ocean.edu.vn, ocean_ninhgiang@ocean.edu.vn, ocean_tuson@ocean.edu.vn, ocean_dienbien@ocean.edu.vn, ocean_haian@ocean.edu.vn, ocean_chilinh@ocean.edu.vn, ocean_thaibinh2@ocean.edu.vn, ocean_hatinh3@ocean.edu.vn, ocean_luongtai@ocean.edu.vn, ocean_namsach@ocean.edu.vn, ocean_xuanmai@ocean.edu.vn, ocean_hoabinh@ocean.edu.vn, ocean_haihau@ocean.edu.vn, ocean_thuanthanh@ocean.edu.vn, ocean_vandinh@ocean.edu.vn, ocean_donganh@ocean.edu.vn, ocean_hagiang@ocean.edu.vn, ocean_truongdinh@ocean.edu.vn, ocean_nhuquynh@ocean.edu.vn, ocean_ankhanh@ocean.edu.vn, ocean_tuyenquang@ocean.edu.vn, ocean_yenbai2@ocean.edu.vn, ocean_quynhphu@ocean.edu.vn, ocean_hoaiduc@ocean.edu.vn, ocean_vinh2@ocean.edu.vn, ocean_maokhe@ocean.edu.vn, ocean_hoamac@ocean.edu.vn, ocean_thaithuy@ocean.edu.vn, ocean_vinhyen3@ocean.edu.vn, ocean_hatinh@ocean.edu.vn, ocean_thanhoa2@ocean.edu.vn, ocean_nguyenxi@ocean.edu.vn, ocean_phoyen2@ocean.edu.vn, ocean_phucyen@ocean.edu.vn, ocean_khoaichau@ocean.edu.vn, ocean_vuban@ocean.edu.vn, ocean_phanvantri@ocean.edu.vn, ocean_kienan@ocean.edu.vn, ocean_duongnoi@ocean.edu.vn, ocean_tanyen@ocean.edu.vn, ocean_thainguyen@ocean.edu.vn, ocean_thoxuan@ocean.edu.vn, ocean_thieuhoa@ocean.edu.vn, ocean_sontay@ocean.edu.vn, ocean_thachthat@ocean.edu.vn, ocean_luongson@ocean.edu.vn, ocean_baichay@ocean.edu.vn, ocean_nguyentrai@ocean.edu.vn, ocean_langgiang@ocean.edu.vn, ocean_trungliet@ocean.edu.vn, ocean_thaibinh@ocean.edu.vn, ocean_kvkl@ocean.edu.vn, ocean_hoalu@ocean.edu.vn, ocean_halong@ocean.edu.vn, ocean_lapthach@ocean.edu.vn, ocean_nongcong@ocean.edu.vn, ocean_samson@ocean.edu.vn, ocean_vinhtuong@ocean.edu.vn, ocean_vanlam@ocean.edu.vn, ocean_yendung@ocean.edu.vn, ocean_phutho@ocean.edu.vn, ocean_chucson@ocean.edu.vn, ocean_nghiloc@ocean.edu.vn, ocean_namdinh@ocean.edu.vn, ocean_butson@ocean.edu.vn, ocean_dienchau@ocean.edu.vn, ocean_xuanhoa@ocean.edu.vn, ocean_bmt@ocean.edu.vn, ocean_donghung@ocean.edu.vn, ocean_hungha@ocean.edu.vn, ocean_thuynguyen@ocean.edu.vn, ocean_viettri@ocean.edu.vn, ocean_namdinh2@ocean.edu.vn, ocean_kimson@ocean.edu.vn, ocean_haiphong@ocean.edu.vn, ocean_songcong@ocean.edu.vn, ocean_trieuson@ocean.edu.vn, ocean_yendinh@ocean.edu.vn, ocean_kimdong@ocean.edu.vn, ocean_thanhhoa@ocean.edu.vn, ocean_mongcai@ocean.edu.vn, ocean_dongha@ocean.edu.vn, ocean_yenphong@ocean.edu.vn, ocean_laocai@ocean.edu.vn, ocean_bavi@ocean.edu.vn, ocean_phuly@ocean.edu.vn, ocean_socson@ocean.edu.vn"}
{"name": "Clever Academy", "address": "Viet Tower, 01 P. Thái Hà, Trung Liệt, Đống Đa, Hà Nội 10000", "phone": "0975 861 994", "web_link": "https://cleveracademy.vn/", "email": "info@cleveracademy.vn"}
{"name": "PalFish Vietnam", "address": "Chung cư HH2A, P. Hoàng Liệt, Khu đô thị Linh Đàm, Hoàng Mai, Hà Nội", "phone": "0988 182 099", "web_link": "https://palfish.vn/", "email": "palfishjsc@gmail.com"}
{"name": "PPSVietnam", "address": "5 Ngh. 95/8 P. Chùa Bộc, Trung Liệt, Đống Đa, Hà Nội 100000", "phone": "0966 861 650", "web_link": null, "email": null}
{"name": "Trung tâm ngoại ngữ Quốc Tế Ocean Edu Khương Trung", "address": "Sảnh A Videc Complex, 283 P.Khương Trung, P, Thanh Xuân, Hà Nội 11413", "phone": "024 3761 5999", "web_link": "https://ocean.edu.vn/", "email": "ocean_lucnam@ocean.edu.vn, ocean_phucu@ocean.edu.vn, ocean_vietyen@ocean.edu.vn, ocean_xuantruong@ocean.edu.vn, ocean_kyanh@ocean.edu.vn, ocean_ninhbinh3@ocean.edu.vn, ocean_campha@ocean.edu.vn, ocean_sonla@ocean.edu.vn, ocean_melinh@ocean.edu.vn, ocean_tiendu@ocean.edu.vn, ocean_quangngai@ocean.edu.vn, ocean_yenlac@ocean.edu.vn, ocean_thuongtin@ocean.edu.vn, ocean_tuson2@ocean.edu.vn, ocean_phoyen@ocean.edu.vn, ocean_mydinh@ocean.edu.vn, ocean_vinhyen2@ocean.edu.vn, ocean_phucuong@ocean.edu.vn, ocean_thanhmien@ocean.edu.vn, ocean_quangngai2@ocean.edu.vn, ocean_thoaingochau@ocean.edu.vn, ocean_danphuong@ocean.edu.vn, ocean_binhgiang@ocean.edu.vn, ocean_nhoquan@ocean.edu.vn, ocean_donghoi@ocean.edu.vn, ocean_tangnhonphu@ocean.edu.vn, ocean_linhdam@ocean.edu.vn, ocean_phonoi@ocean.edu.vn, ocean_tantrieu@ocean.edu.vn, ocean_thainguyen2@ocean.edu.vn, ocean_vangiang@ocean.edu.vn, ocean_gangthep@ocean.edu.vn, ocean_dongvan@ocean.edu.vn, ocean_quocoai@ocean.edu.vn, ocean_thaihoa@ocean.edu.vn, ocean_nghison@ocean.edu.vn, ocean_yenkhanh@ocean.edu.vn, ocean_vinh3@ocean.edu.vn, ocean_hiephoa@ocean.edu.vn, info@ocean.edu.vn, ocean_thanhha@ocean.edu.vn, ocean_bacgiang3@ocean.edu.vn, ocean_daitu@ocean.edu.vn, ocean_yenmy@ocean.edu.vn, ocean_gialoc@ocean.edu.vn, ocean_namtruc@ocean.edu.vn, ocean_tienhai@ocean.edu.vn, ocean_quevo@ocean.edu.vn, ocean_quynhon@ocean.edu.vn, ocean_danang@ocean.edu.vn, ocean_bacninh@ocean.edu.vn, ocean_bimson@ocean.edu.vn, ocean_uongbi@ocean.edu.vn, ocean_vinhloc@ocean.edu.vn, ocean_anduong@ocean.edu.vn, ocean_nghiahung@ocean.edu.vn, ocean_campha2@ocean.edu.vn, ocean_doluong@ocean.edu.vn, ocean_vinh@ocean.edu.vn, ocean_gialam@ocean.edu.vn, ocean_giaothuy@ocean.edu.vn, ocean_camkhe@ocean.edu.vn, ocean_haiduong@ocean.edu.vn, ocean_langson@ocean.edu.vn, ocean_tamduong@ocean.edu.vn, ocean_ngochoi@ocean.edu.vn, ocean_nlb@ocean.edu.vn, ocean_phucyen2@ocean.edu.vn, ocean_viettri2@ocean.edu.vn, ocean_anthi@ocean.edu.vn, ocean_bacgiang2@ocean.edu.vn, ocean_khuongtrung@ocean.edu.vn, ocean_dongtrieu@ocean.edu.vn, ocean_pleiku@ocean.edu.vn, ocean_kontum@ocean.edu.vn, ocean_kienxuong@ocean.edu.vn, ocean_tohuu@ocean.edu.vn, ocean_hungyen2@ocean.edu.vn, ocean_viettri3@ocean.edu.vn, ocean_quangnyen@ocean.edu.vn, ocean_phulo@ocean.edu.vn, ocean_vinhyen@ocean.edu.vn, ocean_thanhhoa3@ocean.edu.vn, ocean_ninhbinh@ocean.edu.vn, ocean_quynhluu@ocean.edu.vn, ocean_quangnam@ocean.edu.vn, ocean_donganh2@ocean.edu.vn, ocean_lynhan@ocean.edu.vn, ocean_bala@ocean.edu.vn, ocean_ninhgiang@ocean.edu.vn, ocean_tuson@ocean.edu.vn, ocean_dienbien@ocean.edu.vn, ocean_haian@ocean.edu.vn, ocean_chilinh@ocean.edu.vn, ocean_thaibinh2@ocean.edu.vn, ocean_hatinh3@ocean.edu.vn, ocean_luongtai@ocean.edu.vn, ocean_namsach@ocean.edu.vn, ocean_xuanmai@ocean.edu.vn, ocean_hoabinh@ocean.edu.vn, ocean_haihau@ocean.edu.vn, ocean_thuanthanh@ocean.edu.vn, ocean_vandinh@ocean.edu.vn, ocean_donganh@ocean.edu.vn, ocean_hagiang@ocean.edu.vn, ocean_truongdinh@ocean.edu.vn, ocean_nhuquynh@ocean.edu.vn, ocean_ankhanh@ocean.edu.vn, ocean_tuyenquang@ocean.edu.vn, ocean_yenbai2@ocean.edu.vn, ocean_quynhphu@ocean.edu.vn, ocean_hoaiduc@ocean.edu.vn, ocean_vinh2@ocean.edu.vn, ocean_maokhe@ocean.edu.vn, ocean_hoamac@ocean.edu.vn, ocean_thaithuy@ocean.edu.vn, ocean_vinhyen3@ocean.edu.vn, ocean_hatinh@ocean.edu.vn, ocean_thanhoa2@ocean.edu.vn, ocean_nguyenxi@ocean.edu.vn, ocean_phoyen2@ocean.edu.vn, ocean_phucyen@ocean.edu.vn, ocean_khoaichau@ocean.edu.vn, ocean_vuban@ocean.edu.vn, ocean_phanvantri@ocean.edu.vn, ocean_kienan@ocean.edu.vn, ocean_duongnoi@ocean.edu.vn, ocean_tanyen@ocean.edu.vn, ocean_thainguyen@ocean.edu.vn, ocean_thoxuan@ocean.edu.vn, ocean_thieuhoa@ocean.edu.vn, ocean_sontay@ocean.edu.vn, ocean_thachthat@ocean.edu.vn, ocean_luongson@ocean.edu.vn, ocean_baichay@ocean.edu.vn, ocean_nguyentrai@ocean.edu.vn, ocean_langgiang@ocean.edu.vn, ocean_trungliet@ocean.edu.vn, ocean_thaibinh@ocean.edu.vn, ocean_kvkl@ocean.edu.vn, ocean_hoalu@ocean.edu.vn, ocean_halong@ocean.edu.vn, ocean_lapthach@ocean.edu.vn, ocean_nongcong@ocean.edu.vn, ocean_samson@ocean.edu.vn, ocean_vinhtuong@ocean.edu.vn, ocean_vanlam@ocean.edu.vn, ocean_yendung@ocean.edu.vn, ocean_phutho@ocean.edu.vn, ocean_chucson@ocean.edu.vn, ocean_nghiloc@ocean.edu.vn, ocean_namdinh@ocean.edu.vn, ocean_butson@ocean.edu.vn, ocean_dienchau@ocean.edu.vn, ocean_xuanhoa@ocean.edu.vn, ocean_bmt@ocean.edu.vn, ocean_donghung@ocean.edu.vn, ocean_hungha@ocean.edu.vn, ocean_thuynguyen@ocean.edu.vn, ocean_viettri@ocean.edu.vn, ocean_namdinh2@ocean.edu.vn, ocean_kimson@ocean.edu.vn, ocean_haiphong@ocean.edu.vn, ocean_songcong@ocean.edu.vn, ocean_trieuson@ocean.edu.vn, ocean_yendinh@ocean.edu.vn, ocean_kimdong@ocean.edu.vn, ocean_thanhhoa@ocean.edu.vn, ocean_mongcai@ocean.edu.vn, ocean_dongha@ocean.edu.vn, ocean_yenphong@ocean.edu.vn, ocean_laocai@ocean.edu.vn, ocean_bavi@ocean.edu.vn, ocean_phuly@ocean.edu.vn, ocean_socson@ocean.edu.vn"}
{"name": "Hanoi Academy (Language & Culture)", "address": "Sảnh A Videc Complex, 283 P.Khương Trung, P, Thanh Xuân, Hà Nội 11413", "phone": "024 3761 5999", "web_link": "http://hanoilanguage.vn/", "email": "Artboard-2-copy-10@4x-768x231.png, Artboard-2-copy@4x-768x231.png, Artboard-2-copy-10@4x.png, Artboard-2-copy-2@4x-800x240.png, cropped-logo-png@4x-1-180x180.png, Artboard-2-copy-5@4x-800x240.png, Artboard-2-copy-9@4x-1-300x90.png, Artboard-2-copy-2@4x-300x90.png, Artboard-2-copy-6@4x-300x90.png, Artboard-2@4x-600x180.png, Artboard-2-copy-11@4x-600x180.png, Artboard-2-copy-11@4x-768x231.png, Artboard-2-copy-11@4x-800x240.png, Artboard-2-copy-6@4x-800x240.png, Artboard-2-copy-6@4x-600x180.png, Artboard-2-copy-3@4x.png, Artboard-2-copy-7@4x-768x231.png, Artboard-2-copy-10@4x-800x240.png, info.hanoiacademy@gmail.com, Artboard-2-copy-10@4x-600x180.png, Artboard-2-copy-4@4x-1-300x90.png, Artboard-2-copy-2@4x-600x180.png, Artboard-2-copy-9@4x-1.png, Artboard-2-copy-2@4x-768x231.png, Artboard-2@4x-768x231.png, Artboard-2-copy-7@4x.png, logo-ngang@4x.png, Artboard-2-copy-9@4x-1-800x240.png, Artboard-2-copy-8@4x-300x90.png, Artboard-2-copy-9@4x-1-768x231.png, Artboard-2-copy-4@4x-1-768x231.png, Artboard-2-copy-10@4x-300x90.png, Artboard-2-copy-5@4x-600x180.png, Artboard-2-copy-3@4x-300x90.png, Artboard-2-copy-5@4x-768x231.png, Artboard-2-copy-11@4x-300x90.png, Artboard-2-copy-7@4x-300x90.png, Artboard-2-copy-2@4x.png, Artboard-2-copy-8@4x-768x231.png, Artboard-2-copy-5@4x-300x90.png, cropped-logo-png@4x-1-270x270.png, kh-CBTV@4x-1400x798.png, Artboard-2-copy-7@4x-600x180.png, Artboard-2-copy-8@4x-800x240.png, Artboard-2-copy-9@4x-1-600x180.png, logo-ngang-3@4x.png, Artboard-2-copy@4x-800x240.png, Artboard-2-copy-6@4x.png, Artboard-2-copy@4x.png, Artboard-2-copy-4@4x-1.png, Artboard-2-copy-8@4x.png, Artboard-2@4x.png, Artboard-2-copy-7@4x-800x240.png, Artboard-2-copy-3@4x-768x231.png, Artboard-2-copy@4x-300x90.png, Artboard-2-copy-4@4x-1-800x240.png, Artboard-2-copy-11@4x.png, Artboard-2-copy-3@4x-600x180.png, Artboard-2-copy-4@4x-1-600x180.png, Artboard-2-copy@4x-600x180.png, cropped-logo-png@4x-1-32x32.png, Artboard-2-copy-5@4x.png, cropped-logo-png@4x-1-192x192.png, Artboard-2-copy-6@4x-768x231.png, Artboard-2@4x-300x90.png, Artboard-2-copy-3@4x-800x240.png, Artboard-2@4x-800x240.png, Artboard-2-copy-8@4x-600x180.png"}
{"name": "Linh IELTS UK English School", "address": "Ng. 167 P. Tây Sơn/ngách 31 P. Tây Sơn, Quang Trung, Đống Đa, Hà Nội", "phone": "0798 813 333", "web_link": "https://www.linhuk.com/", "email": null}
{"name": "Shining Home - Gia Đình Anh Ngữ", "address": "P. Lê Trọng Tấn, Khương Mai, Thanh Xuân, Hà Nội 100000", "phone": "0766 322 888", "web_link": "https://shininghome.edu.vn/dang-ky-hoc-thu/?utm_source=map&utm_id=map", "email": "hr@shininghome.edu.vn"}
{"name": "Alibaba English Center", "address": "186 Đ. Giải Phóng, Phương Liệt, Thanh Xuân, Hà Nội", "phone": "0327 370 011", "web_link": "http://alibabaenglish.edu.vn/", "email": null}
{"name": "Hội đồng Anh Việt Nam", "address": "20 Đ. Thụy Khuê, Thuỵ Khuê, Tây Hồ, Hà Nội", "phone": "024 3843 6780", "web_link": "http://www.britishcouncil.vn/", "email": "bchanoi@britishcouncil.org.vn"}
